Iteration,Agent_ID,Average_Reward
1,0,0.012708333333333334
1,1,0.002916666666666667
1,2,0.0
1,3,0.003541666666666667
1,4,0.006874999999999999
2,0,0.00020833333333333335
2,1,0.005
2,2,0.0
2,3,0.0
2,4,0.00020833333333333335
3,0,0.000625
3,1,0.0025
3,2,0.0
3,3,0.0
3,4,0.0014583333333333334
4,0,0.0014583333333333332
4,1,0.002916666666666667
4,2,0.0
4,3,0.0
4,4,0.001875
5,0,0.002916666666666667
5,1,0.0025
5,2,0.0
5,3,0.0
5,4,0.00125
6,0,0.0004166666666666667
6,1,0.0022916666666666667
6,2,0.0
6,3,0.0
6,4,0.0
7,0,0.0004166666666666667
7,1,0.00020833333333333335
7,2,0.0
7,3,0.0
7,4,0.00375
8,0,0.002916666666666667
8,1,0.0031250000000000006
8,2,0.0
8,3,0.0
8,4,0.000625
9,0,0.0004166666666666667
9,1,0.00020833333333333335
9,2,0.0
9,3,0.0
9,4,0.000625
10,0,0.00125
10,1,0.0014583333333333334
10,2,0.0
10,3,0.0
10,4,0.00020833333333333335
11,0,0.001875
11,1,0.0010416666666666667
11,2,0.0
11,3,0.0
11,4,0.0004166666666666667
12,0,0.0018750000000000001
12,1,0.001875
12,2,0.0
12,3,0.0
12,4,0.0016666666666666668
13,0,0.0014583333333333334
13,1,0.0031250000000000006
13,2,0.0
13,3,0.0
13,4,0.0016666666666666668
14,0,0.0004166666666666667
14,1,0.001875
14,2,0.0
14,3,0.0
14,4,0.00125
15,0,0.000625
15,1,0.0
15,2,0.0
15,3,0.0
15,4,0.0031250000000000006
16,0,0.0014583333333333332
16,1,0.0035416666666666665
16,2,0.0
16,3,0.0
16,4,0.0010416666666666667
17,0,0.000625
17,1,0.00375
17,2,0.0
17,3,0.0
17,4,0.001875
18,0,0.00125
18,1,0.0010416666666666667
18,2,0.0
18,3,0.0
18,4,0.00020833333333333335
19,0,0.0014583333333333334
19,1,0.002916666666666667
19,2,0.0
19,3,0.0
19,4,0.0035416666666666665
20,0,0.0010416666666666667
20,1,0.0027083333333333334
20,2,0.0
20,3,0.0
20,4,0.001875
21,0,0.0027083333333333334
21,1,0.0008333333333333334
21,2,0.0
21,3,0.0
21,4,0.00020833333333333335
22,0,0.0014583333333333332
22,1,0.0
22,2,0.0
22,3,0.0
22,4,0.002916666666666667
23,0,0.00020833333333333335
23,1,0.0008333333333333334
23,2,0.0
23,3,0.0
23,4,0.00020833333333333335
24,0,0.0027083333333333334
24,1,0.005208333333333333
24,2,0.0
24,3,0.0
24,4,0.0020833333333333333
25,0,0.000625
25,1,0.0016666666666666668
25,2,0.0
25,3,0.0
25,4,0.000625
26,0,0.0008333333333333334
26,1,0.0004166666666666667
26,2,0.0
26,3,0.0
26,4,0.0014583333333333332
27,0,0.0
27,1,0.0027083333333333334
27,2,0.0
27,3,0.0
27,4,0.0016666666666666668
28,0,0.0014583333333333334
28,1,0.0004166666666666667
28,2,0.0
28,3,0.0
28,4,0.001875
29,0,0.0014583333333333332
29,1,0.0014583333333333334
29,2,0.0
29,3,0.0
29,4,0.0016666666666666668
30,0,0.0004166666666666667
30,1,0.000625
30,2,0.0
30,3,0.0
30,4,0.0025
31,0,0.0027083333333333334
31,1,0.0008333333333333334
31,2,0.0
31,3,0.0
31,4,0.0016666666666666668
32,0,0.000625
32,1,0.0014583333333333332
32,2,0.0
32,3,0.0
32,4,0.0010416666666666667
33,0,0.0022916666666666667
33,1,0.0014583333333333334
33,2,0.0
33,3,0.0
33,4,0.0004166666666666667
34,0,0.0016666666666666668
34,1,0.0010416666666666667
34,2,0.0
34,3,0.0
34,4,0.000625
35,0,0.0014583333333333334
35,1,0.0
35,2,0.0
35,3,0.0
35,4,0.0031250000000000006
36,0,0.0031250000000000006
36,1,0.0033333333333333335
36,2,0.0
36,3,0.0
36,4,0.0022916666666666667
37,0,0.00020833333333333335
37,1,0.00125
37,2,0.0
37,3,0.0
37,4,0.0010416666666666667
38,0,0.0
38,1,0.0
38,2,0.0
38,3,0.0
38,4,0.0014583333333333334
39,0,0.0
39,1,0.0014583333333333334
39,2,0.0
39,3,0.0
39,4,0.000625
40,0,0.00020833333333333335
40,1,0.005625000000000001
40,2,0.0
40,3,0.0
40,4,0.0025
41,0,0.003958333333333334
41,1,0.0004166666666666667
41,2,0.0
41,3,0.0
41,4,0.0010416666666666667
42,0,0.00125
42,1,0.0008333333333333334
42,2,0.0
42,3,0.0
42,4,0.0014583333333333332
43,0,0.0022916666666666667
43,1,0.0014583333333333332
43,2,0.0
43,3,0.0
43,4,0.0010416666666666667
44,0,0.0016666666666666668
44,1,0.0020833333333333333
44,2,0.0
44,3,0.0
44,4,0.002916666666666667
45,0,0.0014583333333333332
45,1,0.00125
45,2,0.0
45,3,0.0
45,4,0.0
46,0,0.0010416666666666667
46,1,0.0
46,2,0.0
46,3,0.0
46,4,0.002916666666666667
47,0,0.00125
47,1,0.000625
47,2,0.0
47,3,0.0
47,4,0.0004166666666666667
48,0,0.000625
48,1,0.001875
48,2,0.0
48,3,0.0
48,4,0.00125
49,0,0.0004166666666666667
49,1,0.00020833333333333335
49,2,0.0
49,3,0.0
49,4,0.0025
50,0,0.00125
50,1,0.0010416666666666667
50,2,0.0
50,3,0.0
50,4,0.00020833333333333335
51,0,0.0008333333333333334
51,1,0.002916666666666667
51,2,0.0
51,3,0.0
51,4,0.001875
52,0,0.001875
52,1,0.0008333333333333334
52,2,0.0
52,3,0.0
52,4,0.0004166666666666667
53,0,0.0008333333333333334
53,1,0.00125
53,2,0.0
53,3,0.0
53,4,0.00125
54,0,0.0031250000000000006
54,1,0.000625
54,2,0.0
54,3,0.0
54,4,0.0
55,0,0.00125
55,1,0.0014583333333333332
55,2,0.0
55,3,0.0
55,4,0.001875
56,0,0.0004166666666666667
56,1,0.002916666666666667
56,2,0.0
56,3,0.0
56,4,0.0
57,0,0.00020833333333333335
57,1,0.00020833333333333335
57,2,0.0
57,3,0.0
57,4,0.00020833333333333335
58,0,0.004166666666666667
58,1,0.0020833333333333333
58,2,0.0
58,3,0.0
58,4,0.0004166666666666667
59,0,0.0014583333333333334
59,1,0.0025
59,2,0.0
59,3,0.0
59,4,0.0
60,0,0.0004166666666666667
60,1,0.00020833333333333335
60,2,0.0
60,3,0.0
60,4,0.0014583333333333334
61,0,0.0
61,1,0.001875
61,2,0.0
61,3,0.0
61,4,0.0014583333333333332
62,0,0.0031250000000000006
62,1,0.0031250000000000006
62,2,0.0
62,3,0.0
62,4,0.0037500000000000003
63,0,0.0022916666666666667
63,1,0.002916666666666667
63,2,0.0
63,3,0.0
63,4,0.0
64,0,0.00020833333333333335
64,1,0.0
64,2,0.0
64,3,0.0
64,4,0.00125
65,0,0.0010416666666666667
65,1,0.0008333333333333334
65,2,0.0
65,3,0.0
65,4,0.00020833333333333335
66,0,0.0010416666666666667
66,1,0.001875
66,2,0.0
66,3,0.0
66,4,0.00020833333333333335
67,0,0.005
67,1,0.00020833333333333335
67,2,0.0
67,3,0.0
67,4,0.0027083333333333334
68,0,0.0004166666666666667
68,1,0.00020833333333333335
68,2,0.0
68,3,0.0
68,4,0.001875
69,0,0.0004166666666666667
69,1,0.001875
69,2,0.0
69,3,0.0
69,4,0.0014583333333333332
70,0,0.0014583333333333332
70,1,0.0016666666666666668
70,2,0.0
70,3,0.0
70,4,0.00020833333333333335
71,0,0.0
71,1,0.0004166666666666667
71,2,0.0
71,3,0.0
71,4,0.00020833333333333335
72,0,0.0014583333333333332
72,1,0.0010416666666666667
72,2,0.0
72,3,0.0
72,4,0.002916666666666667
73,0,0.0014583333333333332
73,1,0.005208333333333333
73,2,0.0
73,3,0.0
73,4,0.0008333333333333334
74,0,0.0
74,1,0.0027083333333333334
74,2,0.0
74,3,0.0
74,4,0.0004166666666666667
75,0,0.0004166666666666667
75,1,0.0010416666666666667
75,2,0.0
75,3,0.0
75,4,0.00020833333333333335
76,0,0.0008333333333333334
76,1,0.00125
76,2,0.0
76,3,0.0
76,4,0.00375
77,0,0.002291666666666667
77,1,0.0
77,2,0.0
77,3,0.0
77,4,0.0016666666666666668
78,0,0.000625
78,1,0.003541666666666667
78,2,0.0
78,3,0.0
78,4,0.0027083333333333334
79,0,0.001875
79,1,0.0020833333333333333
79,2,0.0
79,3,0.0
79,4,0.00375
80,0,0.00020833333333333335
80,1,0.00020833333333333335
80,2,0.0
80,3,0.0
80,4,0.0
81,0,0.0
81,1,0.0010416666666666667
81,2,0.0
81,3,0.0
81,4,0.0014583333333333332
82,0,0.0004166666666666667
82,1,0.0014583333333333332
82,2,0.0
82,3,0.0
82,4,0.0010416666666666667
83,0,0.0
83,1,0.000625
83,2,0.0
83,3,0.0
83,4,0.0008333333333333334
84,0,0.001875
84,1,0.0004166666666666667
84,2,0.0
84,3,0.0
84,4,0.003958333333333334
85,0,0.002291666666666667
85,1,0.000625
85,2,0.0
85,3,0.0
85,4,0.0022916666666666667
86,0,0.0008333333333333334
86,1,0.0027083333333333334
86,2,0.0
86,3,0.0
86,4,0.0016666666666666668
87,0,0.0031250000000000006
87,1,0.0
87,2,0.0
87,3,0.0
87,4,0.0031250000000000006
88,0,0.0004166666666666667
88,1,0.00020833333333333335
88,2,0.0
88,3,0.0
88,4,0.0016666666666666668
89,0,0.0020833333333333333
89,1,0.00020833333333333335
89,2,0.0
89,3,0.0
89,4,0.0
90,0,0.0025
90,1,0.0010416666666666667
90,2,0.0
90,3,0.0
90,4,0.0004166666666666667
91,0,0.0
91,1,0.000625
91,2,0.0
91,3,0.0
91,4,0.00020833333333333335
92,0,0.001875
92,1,0.0035416666666666665
92,2,0.0
92,3,0.0
92,4,0.0008333333333333334
93,0,0.0020833333333333333
93,1,0.002916666666666667
93,2,0.0
93,3,0.0
93,4,0.003333333333333334
94,0,0.000625
94,1,0.0027083333333333334
94,2,0.0
94,3,0.0
94,4,0.00020833333333333335
95,0,0.0016666666666666668
95,1,0.0008333333333333334
95,2,0.0
95,3,0.0
95,4,0.0004166666666666667
96,0,0.004166666666666667
96,1,0.0
96,2,0.0
96,3,0.0
96,4,0.00125
97,0,0.0022916666666666667
97,1,0.00020833333333333335
97,2,0.0
97,3,0.0
97,4,0.0018750000000000001
98,0,0.003958333333333334
98,1,0.00020833333333333335
98,2,0.0
98,3,0.0
98,4,0.0027083333333333334
99,0,0.0014583333333333332
99,1,0.0008333333333333334
99,2,0.0
99,3,0.0
99,4,0.0014583333333333334
100,0,0.0
100,1,0.0
100,2,0.0
100,3,0.0
100,4,0.000625
101,0,0.0022916666666666667
101,1,0.0008333333333333334
101,2,0.0
101,3,0.0
101,4,0.00125
102,0,0.002916666666666667
102,1,0.0
102,2,0.0
102,3,0.0
102,4,0.001875
103,0,0.004166666666666667
103,1,0.0008333333333333334
103,2,0.0
103,3,0.0
103,4,0.0004166666666666667
104,0,0.002916666666666667
104,1,0.0
104,2,0.0
104,3,0.0
104,4,0.0020833333333333333
105,0,0.0
105,1,0.0020833333333333333
105,2,0.0
105,3,0.0
105,4,0.0033333333333333335
106,0,0.0014583333333333332
106,1,0.002916666666666667
106,2,0.0
106,3,0.0
106,4,0.00125
107,0,0.0025
107,1,0.002916666666666667
107,2,0.0
107,3,0.0
107,4,0.0020833333333333333
108,0,0.002916666666666667
108,1,0.0022916666666666667
108,2,0.0
108,3,0.0
108,4,0.000625
109,0,0.0
109,1,0.00020833333333333335
109,2,0.0
109,3,0.0
109,4,0.004375
110,0,0.002916666666666667
110,1,0.0016666666666666668
110,2,0.0
110,3,0.0
110,4,0.00020833333333333335
111,0,0.0031250000000000006
111,1,0.0
111,2,0.0
111,3,0.0
111,4,0.0008333333333333334
112,0,0.00375
112,1,0.0004166666666666667
112,2,0.0
112,3,0.0
112,4,0.004166666666666667
113,0,0.004583333333333334
113,1,0.0004166666666666667
113,2,0.0
113,3,0.0
113,4,0.0004166666666666667
114,0,0.0
114,1,0.0
114,2,0.0
114,3,0.0
114,4,0.002916666666666667
115,0,0.00125
115,1,0.00125
115,2,0.0
115,3,0.0
115,4,0.0031249999999999997
116,0,0.00125
116,1,0.00125
116,2,0.0
116,3,0.0
116,4,0.0020833333333333333
117,0,0.0004166666666666667
117,1,0.0033333333333333335
117,2,0.0
117,3,0.0
117,4,0.0033333333333333335
118,0,0.00020833333333333335
118,1,0.00125
118,2,0.0
118,3,0.0
118,4,0.001875
119,0,0.00125
119,1,0.0004166666666666667
119,2,0.0
119,3,0.0
119,4,0.0014583333333333334
120,0,0.0
120,1,0.0016666666666666668
120,2,0.0
120,3,0.0
120,4,0.0
121,0,0.0
121,1,0.0016666666666666668
121,2,0.0
121,3,0.0
121,4,0.00020833333333333335
122,0,0.0016666666666666668
122,1,0.0008333333333333334
122,2,0.0
122,3,0.0
122,4,0.0
123,0,0.0004166666666666667
123,1,0.0014583333333333334
123,2,0.0
123,3,0.0
123,4,0.00020833333333333335
124,0,0.00125
124,1,0.0022916666666666667
124,2,0.0
124,3,0.0
124,4,0.0
125,0,0.00125
125,1,0.0004166666666666667
125,2,0.0
125,3,0.0
125,4,0.00125
126,0,0.00125
126,1,0.0
126,2,0.0
126,3,0.0
126,4,0.0
127,0,0.0014583333333333334
127,1,0.00125
127,2,0.0
127,3,0.0
127,4,0.003541666666666667
128,0,0.0027083333333333334
128,1,0.0014583333333333332
128,2,0.0
128,3,0.0
128,4,0.00020833333333333335
129,0,0.0022916666666666667
129,1,0.00125
129,2,0.0
129,3,0.0
129,4,0.0
130,0,0.001875
130,1,0.00125
130,2,0.0
130,3,0.0
130,4,0.00020833333333333335
131,0,0.0022916666666666667
131,1,0.0016666666666666668
131,2,0.0
131,3,0.0
131,4,0.0014583333333333332
132,0,0.00020833333333333335
132,1,0.0
132,2,0.0
132,3,0.0
132,4,0.00125
133,0,0.0008333333333333334
133,1,0.0031250000000000006
133,2,0.0
133,3,0.0
133,4,0.0004166666666666667
134,0,0.0014583333333333334
134,1,0.0004166666666666667
134,2,0.0
134,3,0.0
134,4,0.004166666666666667
135,0,0.00125
135,1,0.0008333333333333334
135,2,0.0
135,3,0.0
135,4,0.0020833333333333333
136,0,0.0010416666666666667
136,1,0.00020833333333333335
136,2,0.0
136,3,0.0
136,4,0.0
137,0,0.0014583333333333332
137,1,0.0004166666666666667
137,2,0.0
137,3,0.0
137,4,0.0010416666666666667
138,0,0.0
138,1,0.0016666666666666663
138,2,0.0
138,3,0.0
138,4,0.0033333333333333335
139,0,0.0008333333333333334
139,1,0.00020833333333333335
139,2,0.0
139,3,0.0
139,4,0.0035416666666666665
140,0,0.0025
140,1,0.0014583333333333332
140,2,0.0
140,3,0.0
140,4,0.0004166666666666667
141,0,0.00020833333333333335
141,1,0.0010416666666666667
141,2,0.0
141,3,0.0
141,4,0.00020833333333333335
142,0,0.00125
142,1,0.0004166666666666667
142,2,0.0
142,3,0.0
142,4,0.0
143,0,0.0016666666666666668
143,1,0.005
143,2,0.0
143,3,0.0
143,4,0.0010416666666666667
144,0,0.0
144,1,0.0016666666666666668
144,2,0.0
144,3,0.0
144,4,0.0016666666666666668
145,0,0.000625
145,1,0.001875
145,2,0.0
145,3,0.0
145,4,0.0020833333333333333
146,0,0.0020833333333333333
146,1,0.002916666666666667
146,2,0.0
146,3,0.0
146,4,0.0031250000000000006
147,0,0.001875
147,1,0.00125
147,2,0.0
147,3,0.0
147,4,0.0004166666666666667
148,0,0.0010416666666666667
148,1,0.00020833333333333335
148,2,0.0
148,3,0.0
148,4,0.006041666666666667
149,0,0.0018750000000000001
149,1,0.0016666666666666668
149,2,0.0
149,3,0.0
149,4,0.00020833333333333335
150,0,0.0020833333333333333
150,1,0.00020833333333333335
150,2,0.0
150,3,0.0
150,4,0.0025
151,0,0.0014583333333333332
151,1,0.0008333333333333334
151,2,0.0
151,3,0.0
151,4,0.00125
152,0,0.000625
152,1,0.004583333333333333
152,2,0.0
152,3,0.0
152,4,0.0010416666666666667
153,0,0.0
153,1,0.0014583333333333332
153,2,0.0
153,3,0.0
153,4,0.0004166666666666667
154,0,0.0033333333333333335
154,1,0.003958333333333334
154,2,0.0
154,3,0.0
154,4,0.0020833333333333333
155,0,0.0004166666666666667
155,1,0.0
155,2,0.0
155,3,0.0
155,4,0.0016666666666666668
156,0,0.0004166666666666667
156,1,0.0025
156,2,0.0
156,3,0.0
156,4,0.001875
157,0,0.004791666666666667
157,1,0.0014583333333333334
157,2,0.0
157,3,0.0
157,4,0.0008333333333333334
158,0,0.0033333333333333335
158,1,0.00125
158,2,0.0
158,3,0.0
158,4,0.00020833333333333335
159,0,0.0
159,1,0.00020833333333333335
159,2,0.0
159,3,0.0
159,4,0.000625
160,0,0.0004166666666666667
160,1,0.0016666666666666668
160,2,0.0
160,3,0.0
160,4,0.00125
161,0,0.001875
161,1,0.0016666666666666668
161,2,0.0
161,3,0.0
161,4,0.001875
162,0,0.0027083333333333334
162,1,0.0016666666666666668
162,2,0.0
162,3,0.0
162,4,0.0004166666666666667
163,0,0.00020833333333333335
163,1,0.004791666666666667
163,2,0.0
163,3,0.0
163,4,0.0027083333333333334
164,0,0.0014583333333333334
164,1,0.0
164,2,0.0
164,3,0.0
164,4,0.001875
165,0,0.00125
165,1,0.0018750000000000001
165,2,0.0
165,3,0.0
165,4,0.000625
166,0,0.0014583333333333332
166,1,0.000625
166,2,0.0
166,3,0.0
166,4,0.004375
167,0,0.00125
167,1,0.002916666666666667
167,2,0.0
167,3,0.0
167,4,0.00125
168,0,0.0033333333333333335
168,1,0.00125
168,2,0.0
168,3,0.0
168,4,0.0
169,0,0.003958333333333334
169,1,0.002916666666666667
169,2,0.0
169,3,0.0
169,4,0.0025
170,0,0.00375
170,1,0.0
170,2,0.0
170,3,0.0
170,4,0.0022916666666666667
171,0,0.005
171,1,0.0037500000000000003
171,2,0.0
171,3,0.0
171,4,0.00020833333333333335
172,0,0.0033333333333333335
172,1,0.0
172,2,0.0
172,3,0.0
172,4,0.0027083333333333334
173,0,0.005
173,1,0.0010416666666666667
173,2,0.0
173,3,0.0
173,4,0.0010416666666666667
174,0,0.00125
174,1,0.0031250000000000006
174,2,0.0
174,3,0.0
174,4,0.0004166666666666667
175,0,0.0004166666666666667
175,1,0.0045833333333333325
175,2,0.0
175,3,0.0
175,4,0.00125
176,0,0.0
176,1,0.00125
176,2,0.0
176,3,0.0
176,4,0.0004166666666666667
177,0,0.0
177,1,0.00375
177,2,0.0
177,3,0.0
177,4,0.0004166666666666667
178,0,0.0016666666666666668
178,1,0.0014583333333333332
178,2,0.0
178,3,0.0
178,4,0.0025
179,0,0.000625
179,1,0.0004166666666666667
179,2,0.0
179,3,0.0
179,4,0.001875
180,0,0.0008333333333333334
180,1,0.00020833333333333335
180,2,0.0
180,3,0.0
180,4,0.00020833333333333335
181,0,0.0008333333333333334
181,1,0.00020833333333333335
181,2,0.0
181,3,0.0
181,4,0.0016666666666666668
182,0,0.0014583333333333334
182,1,0.00125
182,2,0.0
182,3,0.0
182,4,0.00020833333333333335
183,0,0.0033333333333333335
183,1,0.0
183,2,0.0
183,3,0.0
183,4,0.0008333333333333334
184,0,0.003541666666666667
184,1,0.0010416666666666667
184,2,0.0
184,3,0.0
184,4,0.0037500000000000003
185,0,0.0004166666666666667
185,1,0.00020833333333333335
185,2,0.0
185,3,0.0
185,4,0.001875
186,0,0.0008333333333333334
186,1,0.0004166666666666667
186,2,0.0
186,3,0.0
186,4,0.0
187,0,0.00020833333333333335
187,1,0.002916666666666667
187,2,0.0
187,3,0.0
187,4,0.002916666666666667
188,0,0.0004166666666666667
188,1,0.005625000000000001
188,2,0.0
188,3,0.0
188,4,0.0027083333333333334
189,0,0.00020833333333333335
189,1,0.0027083333333333334
189,2,0.0
189,3,0.0
189,4,0.0022916666666666667
190,0,0.00020833333333333335
190,1,0.00125
190,2,0.0
190,3,0.0
190,4,0.0014583333333333334
191,0,0.0008333333333333334
191,1,0.002916666666666667
191,2,0.0
191,3,0.0
191,4,0.0022916666666666667
192,0,0.002916666666666667
192,1,0.00020833333333333335
192,2,0.0
192,3,0.0
192,4,0.0020833333333333333
193,0,0.0016666666666666668
193,1,0.00125
193,2,0.0
193,3,0.0
193,4,0.0
194,0,0.0010416666666666667
194,1,0.00020833333333333335
194,2,0.0
194,3,0.0
194,4,0.0014583333333333334
195,0,0.00125
195,1,0.004166666666666667
195,2,0.0
195,3,0.0
195,4,0.00020833333333333335
196,0,0.000625
196,1,0.0010416666666666667
196,2,0.0
196,3,0.0
196,4,0.0016666666666666668
197,0,0.0004166666666666667
197,1,0.0
197,2,0.0
197,3,0.0
197,4,0.0010416666666666667
198,0,0.0025
198,1,0.0014583333333333334
198,2,0.0
198,3,0.0
198,4,0.00020833333333333335
199,0,0.0016666666666666668
199,1,0.002916666666666667
199,2,0.0
199,3,0.0
199,4,0.0008333333333333334
200,0,0.0014583333333333334
200,1,0.00020833333333333335
200,2,0.0
200,3,0.0
200,4,0.0031250000000000006
201,0,0.0010416666666666667
201,1,0.0027083333333333334
201,2,0.0
201,3,0.0
201,4,0.0
202,0,0.0016666666666666668
202,1,0.0016666666666666668
202,2,0.0
202,3,0.0
202,4,0.0025
203,0,0.0008333333333333334
203,1,0.0016666666666666668
203,2,0.0
203,3,0.0
203,4,0.0008333333333333334
204,0,0.000625
204,1,0.0014583333333333334
204,2,0.0
204,3,0.0
204,4,0.0016666666666666668
205,0,0.0014583333333333334
205,1,0.0
205,2,0.0
205,3,0.0
205,4,0.0004166666666666667
206,0,0.0
206,1,0.002916666666666667
206,2,0.0
206,3,0.0
206,4,0.0014583333333333332
207,0,0.0016666666666666668
207,1,0.0014583333333333332
207,2,0.0
207,3,0.0
207,4,0.00020833333333333335
208,0,0.000625
208,1,0.0004166666666666667
208,2,0.0
208,3,0.0
208,4,0.0
209,0,0.00125
209,1,0.0
209,2,0.0
209,3,0.0
209,4,0.0027083333333333334
210,0,0.002916666666666667
210,1,0.0027083333333333334
210,2,0.0
210,3,0.0
210,4,0.0
211,0,0.00020833333333333335
211,1,0.0025
211,2,0.0
211,3,0.0
211,4,0.00125
212,0,0.000625
212,1,0.00125
212,2,0.0
212,3,0.0
212,4,0.002916666666666667
213,0,0.0008333333333333334
213,1,0.00020833333333333335
213,2,0.0
213,3,0.0
213,4,0.0014583333333333332
214,0,0.0014583333333333334
214,1,0.000625
214,2,0.0
214,3,0.0
214,4,0.000625
215,0,0.0
215,1,0.00125
215,2,0.0
215,3,0.0
215,4,0.0020833333333333333
216,0,0.00020833333333333335
216,1,0.0014583333333333332
216,2,0.0
216,3,0.0
216,4,0.002916666666666667
217,0,0.0022916666666666667
217,1,0.00020833333333333335
217,2,0.0
217,3,0.0
217,4,0.0
218,0,0.00020833333333333335
218,1,0.002916666666666667
218,2,0.0
218,3,0.0
218,4,0.003958333333333334
219,0,0.001875
219,1,0.004583333333333334
219,2,0.0
219,3,0.0
219,4,0.00020833333333333335
220,0,0.0
220,1,0.0
220,2,0.0
220,3,0.0
220,4,0.00125
221,0,0.0016666666666666668
221,1,0.000625
221,2,0.0
221,3,0.0
221,4,0.002916666666666667
222,0,0.00020833333333333335
222,1,0.0
222,2,0.0
222,3,0.0
222,4,0.0027083333333333334
223,0,0.0025
223,1,0.0016666666666666668
223,2,0.0
223,3,0.0
223,4,0.0004166666666666667
224,0,0.004166666666666667
224,1,0.0035416666666666665
224,2,0.0
224,3,0.0
224,4,0.0018750000000000001
225,0,0.0
225,1,0.00020833333333333335
225,2,0.0
225,3,0.0
225,4,0.0004166666666666667
226,0,0.0
226,1,0.0025
226,2,0.0
226,3,0.0
226,4,0.001875
227,0,0.0004166666666666667
227,1,0.0014583333333333332
227,2,0.0
227,3,0.0
227,4,0.00020833333333333335
228,0,0.0
228,1,0.0022916666666666662
228,2,0.0
228,3,0.0
228,4,0.0014583333333333332
229,0,0.002916666666666667
229,1,0.00125
229,2,0.0
229,3,0.0
229,4,0.0004166666666666667
230,0,0.000625
230,1,0.0
230,2,0.0
230,3,0.0
230,4,0.000625
231,0,0.000625
231,1,0.001875
231,2,0.0
231,3,0.0
231,4,0.0016666666666666668
232,0,0.0031250000000000006
232,1,0.0022916666666666667
232,2,0.0
232,3,0.0
232,4,0.0014583333333333334
233,0,0.0025
233,1,0.0020833333333333333
233,2,0.0
233,3,0.0
233,4,0.00125
234,0,0.000625
234,1,0.0004166666666666667
234,2,0.0
234,3,0.0
234,4,0.00125
235,0,0.0016666666666666663
235,1,0.0004166666666666667
235,2,0.0
235,3,0.0
235,4,0.0008333333333333334
236,0,0.0
236,1,0.002916666666666667
236,2,0.0
236,3,0.0
236,4,0.0
237,0,0.0016666666666666668
237,1,0.0010416666666666667
237,2,0.0
237,3,0.0
237,4,0.0020833333333333333
238,0,0.0014583333333333332
238,1,0.0014583333333333334
238,2,0.0
238,3,0.0
238,4,0.0016666666666666668
239,0,0.00125
239,1,0.0033333333333333335
239,2,0.0
239,3,0.0
239,4,0.0014583333333333332
240,0,0.002916666666666667
240,1,0.000625
240,2,0.0
240,3,0.0
240,4,0.0
241,0,0.0004166666666666667
241,1,0.0004166666666666667
241,2,0.0
241,3,0.0
241,4,0.0010416666666666667
242,0,0.0016666666666666668
242,1,0.0004166666666666667
242,2,0.0
242,3,0.0
242,4,0.00125
243,0,0.00020833333333333335
243,1,0.0008333333333333334
243,2,0.0
243,3,0.0
243,4,0.0004166666666666667
244,0,0.0031250000000000006
244,1,0.00125
244,2,0.0
244,3,0.0
244,4,0.0014583333333333334
245,0,0.00020833333333333335
245,1,0.0031250000000000006
245,2,0.0
245,3,0.0
245,4,0.000625
246,0,0.002916666666666667
246,1,0.003958333333333334
246,2,0.0
246,3,0.0
246,4,0.0004166666666666667
247,0,0.0033333333333333335
247,1,0.0031250000000000006
247,2,0.0
247,3,0.0
247,4,0.0014583333333333332
248,0,0.005
248,1,0.0010416666666666667
248,2,0.0
248,3,0.0
248,4,0.0
249,0,0.0025
249,1,0.0010416666666666667
249,2,0.0
249,3,0.0
249,4,0.0014583333333333332
250,0,0.00125
250,1,0.0020833333333333333
250,2,0.0
250,3,0.0
250,4,0.0025
251,0,0.00125
251,1,0.0
251,2,0.0
251,3,0.0
251,4,0.0008333333333333334
252,0,0.00125
252,1,0.0031250000000000006
252,2,0.0
252,3,0.0
252,4,0.0016666666666666668
253,0,0.0008333333333333334
253,1,0.0031250000000000006
253,2,0.0
253,3,0.0
253,4,0.00020833333333333335
254,0,0.003958333333333334
254,1,0.0016666666666666668
254,2,0.0
254,3,0.0
254,4,0.0
255,0,0.0
255,1,0.00020833333333333335
255,2,0.0
255,3,0.0
255,4,0.0025
256,0,0.0014583333333333332
256,1,0.0004166666666666667
256,2,0.0
256,3,0.0
256,4,0.0
257,0,0.004166666666666667
257,1,0.0
257,2,0.0
257,3,0.0
257,4,0.00020833333333333335
258,0,0.0010416666666666667
258,1,0.0027083333333333334
258,2,0.0
258,3,0.0
258,4,0.00020833333333333335
259,0,0.0
259,1,0.0
259,2,0.0
259,3,0.0
259,4,0.006875
260,0,0.0031250000000000006
260,1,0.0031250000000000006
260,2,0.0
260,3,0.0
260,4,0.003541666666666667
261,0,0.0027083333333333334
261,1,0.001875
261,2,0.0
261,3,0.0
261,4,0.0031250000000000006
262,0,0.001875
262,1,0.0004166666666666667
262,2,0.0
262,3,0.0
262,4,0.0031250000000000006
263,0,0.0004166666666666667
263,1,0.0031250000000000006
263,2,0.0
263,3,0.0
263,4,0.0014583333333333334
264,0,0.0025
264,1,0.0016666666666666668
264,2,0.0
264,3,0.0
264,4,0.0004166666666666667
265,0,0.0020833333333333333
265,1,0.0
265,2,0.0
265,3,0.0
265,4,0.00020833333333333335
266,0,0.000625
266,1,0.0016666666666666668
266,2,0.0
266,3,0.0
266,4,0.002916666666666667
267,0,0.0
267,1,0.000625
267,2,0.0
267,3,0.0
267,4,0.0014583333333333334
268,0,0.000625
268,1,0.0020833333333333333
268,2,0.0
268,3,0.0
268,4,0.00125
269,0,0.0014583333333333334
269,1,0.002916666666666667
269,2,0.0
269,3,0.0
269,4,0.0010416666666666667
270,0,0.0010416666666666667
270,1,0.00020833333333333335
270,2,0.0
270,3,0.0
270,4,0.0
271,0,0.0016666666666666668
271,1,0.0
271,2,0.0
271,3,0.0
271,4,0.0016666666666666668
272,0,0.0027083333333333334
272,1,0.00020833333333333335
272,2,0.0
272,3,0.0
272,4,0.0
273,0,0.0004166666666666667
273,1,0.0016666666666666668
273,2,0.0
273,3,0.0
273,4,0.00020833333333333335
274,0,0.0020833333333333333
274,1,0.0004166666666666667
274,2,0.0
274,3,0.0
274,4,0.001875
275,0,0.004583333333333334
275,1,0.00020833333333333335
275,2,0.0
275,3,0.0
275,4,0.0027083333333333334
276,0,0.0
276,1,0.0027083333333333334
276,2,0.0
276,3,0.0
276,4,0.0010416666666666667
277,0,0.003958333333333334
277,1,0.000625
277,2,0.0
277,3,0.0
277,4,0.0031250000000000006
278,0,0.0027083333333333334
278,1,0.0016666666666666668
278,2,0.0
278,3,0.0
278,4,0.0020833333333333333
279,0,0.00125
279,1,0.0022916666666666667
279,2,0.0
279,3,0.0
279,4,0.0004166666666666667
280,0,0.002916666666666667
280,1,0.00020833333333333335
280,2,0.0
280,3,0.0
280,4,0.0
281,0,0.0008333333333333334
281,1,0.002916666666666667
281,2,0.0
281,3,0.0
281,4,0.0043749999999999995
282,0,0.0016666666666666668
282,1,0.00020833333333333335
282,2,0.0
282,3,0.0
282,4,0.00020833333333333335
283,0,0.0016666666666666668
283,1,0.0014583333333333332
283,2,0.0
283,3,0.0
283,4,0.000625
284,0,0.0008333333333333334
284,1,0.003541666666666667
284,2,0.0
284,3,0.0
284,4,0.0008333333333333334
285,0,0.0022916666666666667
285,1,0.001875
285,2,0.0
285,3,0.0
285,4,0.00020833333333333335
286,0,0.0014583333333333332
286,1,0.002916666666666667
286,2,0.0
286,3,0.0
286,4,0.0022916666666666667
287,0,0.0025
287,1,0.0020833333333333333
287,2,0.0
287,3,0.0
287,4,0.00020833333333333335
288,0,0.0004166666666666667
288,1,0.0
288,2,0.0
288,3,0.0
288,4,0.0014583333333333334
289,0,0.0016666666666666668
289,1,0.0
289,2,0.0
289,3,0.0
289,4,0.001875
290,0,0.0004166666666666667
290,1,0.00125
290,2,0.0
290,3,0.0
290,4,0.0
291,0,0.000625
291,1,0.0016666666666666668
291,2,0.0
291,3,0.0
291,4,0.0004166666666666667
292,0,0.0004166666666666667
292,1,0.0010416666666666667
292,2,0.0
292,3,0.0
292,4,0.0004166666666666667
293,0,0.00020833333333333335
293,1,0.003958333333333334
293,2,0.0
293,3,0.0
293,4,0.0027083333333333334
294,0,0.003541666666666667
294,1,0.0
294,2,0.0
294,3,0.0
294,4,0.00020833333333333335
295,0,0.00125
295,1,0.00020833333333333335
295,2,0.0
295,3,0.0
295,4,0.0
296,0,0.00020833333333333335
296,1,0.0016666666666666668
296,2,0.0
296,3,0.0
296,4,0.0004166666666666667
297,0,0.0010416666666666667
297,1,0.00125
297,2,0.0
297,3,0.0
297,4,0.000625
298,0,0.00125
298,1,0.0004166666666666667
298,2,0.0
298,3,0.0
298,4,0.0010416666666666667
299,0,0.004375
299,1,0.0027083333333333334
299,2,0.0
299,3,0.0
299,4,0.0027083333333333334
300,0,0.000625
300,1,0.0016666666666666668
300,2,0.0
300,3,0.0
300,4,0.0027083333333333334
301,0,0.002916666666666667
301,1,0.0
301,2,0.0
301,3,0.0
301,4,0.0010416666666666667
302,0,0.0027083333333333334
302,1,0.0018750000000000001
302,2,0.0
302,3,0.0
302,4,0.0027083333333333334
303,0,0.00125
303,1,0.001875
303,2,0.0
303,3,0.0
303,4,0.002291666666666667
304,0,0.0016666666666666668
304,1,0.0
304,2,0.0
304,3,0.0
304,4,0.0022916666666666662
305,0,0.00020833333333333335
305,1,0.0004166666666666667
305,2,0.0
305,3,0.0
305,4,0.0010416666666666667
306,0,0.002916666666666667
306,1,0.0008333333333333334
306,2,0.0
306,3,0.0
306,4,0.000625
307,0,0.0010416666666666667
307,1,0.0010416666666666667
307,2,0.0
307,3,0.0
307,4,0.001875
308,0,0.0004166666666666667
308,1,0.0
308,2,0.0
308,3,0.0
308,4,0.0008333333333333334
309,0,0.0010416666666666667
309,1,0.0004166666666666667
309,2,0.0
309,3,0.0
309,4,0.0010416666666666667
310,0,0.000625
310,1,0.00375
310,2,0.0
310,3,0.0
310,4,0.0025
311,0,0.002916666666666667
311,1,0.001875
311,2,0.0
311,3,0.0
311,4,0.0027083333333333334
312,0,0.000625
312,1,0.001875
312,2,0.0
312,3,0.0
312,4,0.00125
313,0,0.00020833333333333335
313,1,0.0020833333333333333
313,2,0.0
313,3,0.0
313,4,0.0025
314,0,0.0
314,1,0.0020833333333333333
314,2,0.0
314,3,0.0
314,4,0.005833333333333334
315,0,0.00125
315,1,0.0004166666666666667
315,2,0.0
315,3,0.0
315,4,0.0016666666666666668
316,0,0.005
316,1,0.0025
316,2,0.0
316,3,0.0
316,4,0.0008333333333333334
317,0,0.00020833333333333335
317,1,0.0010416666666666667
317,2,0.0
317,3,0.0
317,4,0.00125
318,0,0.00020833333333333335
318,1,0.0016666666666666663
318,2,0.0
318,3,0.0
318,4,0.0010416666666666667
319,0,0.0
319,1,0.0016666666666666668
319,2,0.0
319,3,0.0
319,4,0.0027083333333333334
320,0,0.0008333333333333334
320,1,0.002916666666666667
320,2,0.0
320,3,0.0
320,4,0.0
321,0,0.0035416666666666665
321,1,0.0035416666666666665
321,2,0.0
321,3,0.0
321,4,0.00020833333333333335
322,0,0.00020833333333333335
322,1,0.0
322,2,0.0
322,3,0.0
322,4,0.0
323,0,0.0
323,1,0.00020833333333333335
323,2,0.0
323,3,0.0
323,4,0.00020833333333333335
324,0,0.00020833333333333335
324,1,0.00125
324,2,0.0
324,3,0.0
324,4,0.005208333333333333
325,0,0.00020833333333333335
325,1,0.002916666666666667
325,2,0.0
325,3,0.0
325,4,0.0027083333333333334
326,0,0.0014583333333333332
326,1,0.0010416666666666667
326,2,0.0
326,3,0.0
326,4,0.0016666666666666668
327,0,0.0004166666666666667
327,1,0.0004166666666666667
327,2,0.0
327,3,0.0
327,4,0.0025
328,0,0.00020833333333333335
328,1,0.00125
328,2,0.0
328,3,0.0
328,4,0.0004166666666666667
329,0,0.0004166666666666667
329,1,0.0022916666666666667
329,2,0.0
329,3,0.0
329,4,0.0014583333333333332
330,0,0.001875
330,1,0.0004166666666666667
330,2,0.0
330,3,0.0
330,4,0.0
331,0,0.000625
331,1,0.00125
331,2,0.0
331,3,0.0
331,4,0.0
332,0,0.00125
332,1,0.000625
332,2,0.0
332,3,0.0
332,4,0.00020833333333333335
333,0,0.0031250000000000006
333,1,0.0014583333333333332
333,2,0.0
333,3,0.0
333,4,0.00020833333333333335
334,0,0.0004166666666666667
334,1,0.0031250000000000006
334,2,0.0
334,3,0.0
334,4,0.0
335,0,0.000625
335,1,0.0025
335,2,0.0
335,3,0.0
335,4,0.0014583333333333332
336,0,0.0016666666666666668
336,1,0.0027083333333333334
336,2,0.0
336,3,0.0
336,4,0.0
337,0,0.00020833333333333335
337,1,0.004166666666666667
337,2,0.0
337,3,0.0
337,4,0.003958333333333334
338,0,0.0
338,1,0.0
338,2,0.0
338,3,0.0
338,4,0.0
339,0,0.00125
339,1,0.001875
339,2,0.0
339,3,0.0
339,4,0.0004166666666666667
340,0,0.0
340,1,0.00020833333333333335
340,2,0.0
340,3,0.0
340,4,0.00125
341,0,0.0014583333333333334
341,1,0.00125
341,2,0.0
341,3,0.0
341,4,0.006041666666666667
342,0,0.0022916666666666667
342,1,0.0014583333333333332
342,2,0.0
342,3,0.0
342,4,0.004791666666666666
343,0,0.0025
343,1,0.0004166666666666667
343,2,0.0
343,3,0.0
343,4,0.0031250000000000006
344,0,0.005208333333333333
344,1,0.002916666666666667
344,2,0.0
344,3,0.0
344,4,0.0016666666666666668
345,0,0.0
345,1,0.0020833333333333333
345,2,0.0
345,3,0.0
345,4,0.0035416666666666665
346,0,0.004583333333333334
346,1,0.0031250000000000006
346,2,0.0
346,3,0.0
346,4,0.00020833333333333335
347,0,0.00020833333333333335
347,1,0.0022916666666666667
347,2,0.0
347,3,0.0
347,4,0.0027083333333333334
348,0,0.0020833333333333333
348,1,0.002916666666666667
348,2,0.0
348,3,0.0
348,4,0.0004166666666666667
349,0,0.0014583333333333332
349,1,0.0
349,2,0.0
349,3,0.0
349,4,0.001875
350,0,0.004166666666666667
350,1,0.00020833333333333335
350,2,0.0
350,3,0.0
350,4,0.0022916666666666667
351,0,0.0020833333333333333
351,1,0.00125
351,2,0.0
351,3,0.0
351,4,0.0010416666666666667
352,0,0.0035416666666666665
352,1,0.002916666666666667
352,2,0.0
352,3,0.0
352,4,0.0008333333333333334
353,0,0.0008333333333333334
353,1,0.0022916666666666667
353,2,0.0
353,3,0.0
353,4,0.0010416666666666667
354,0,0.00020833333333333335
354,1,0.0031249999999999997
354,2,0.0
354,3,0.0
354,4,0.0033333333333333335
355,0,0.0010416666666666667
355,1,0.00020833333333333335
355,2,0.0
355,3,0.0
355,4,0.0016666666666666668
356,0,0.0033333333333333335
356,1,0.002916666666666667
356,2,0.0
356,3,0.0
356,4,0.00125
357,0,0.00020833333333333335
357,1,0.00375
357,2,0.0
357,3,0.0
357,4,0.0033333333333333335
358,0,0.0027083333333333334
358,1,0.00020833333333333335
358,2,0.0
358,3,0.0
358,4,0.001875
359,0,0.0008333333333333334
359,1,0.002916666666666667
359,2,0.0
359,3,0.0
359,4,0.0004166666666666667
360,0,0.0027083333333333334
360,1,0.00125
360,2,0.0
360,3,0.0
360,4,0.0022916666666666667
361,0,0.002291666666666667
361,1,0.000625
361,2,0.0
361,3,0.0
361,4,0.00125
362,0,0.0022916666666666667
362,1,0.0014583333333333332
362,2,0.0
362,3,0.0
362,4,0.0008333333333333334
363,0,0.0004166666666666667
363,1,0.0010416666666666667
363,2,0.0
363,3,0.0
363,4,0.0016666666666666668
364,0,0.0
364,1,0.000625
364,2,0.0
364,3,0.0
364,4,0.0010416666666666667
365,0,0.002916666666666667
365,1,0.00020833333333333335
365,2,0.0
365,3,0.0
365,4,0.004166666666666667
366,0,0.000625
366,1,0.0014583333333333334
366,2,0.0
366,3,0.0
366,4,0.0004166666666666667
367,0,0.0033333333333333335
367,1,0.001875
367,2,0.0
367,3,0.0
367,4,0.0025
368,0,0.000625
368,1,0.0035416666666666665
368,2,0.0
368,3,0.0
368,4,0.0010416666666666667
369,0,0.002916666666666667
369,1,0.00125
369,2,0.0
369,3,0.0
369,4,0.00020833333333333335
370,0,0.00125
370,1,0.0014583333333333332
370,2,0.0
370,3,0.0
370,4,0.00020833333333333335
371,0,0.00020833333333333335
371,1,0.002916666666666667
371,2,0.0
371,3,0.0
371,4,0.00375
372,0,0.0016666666666666668
372,1,0.0004166666666666667
372,2,0.0
372,3,0.0
372,4,0.0004166666666666667
373,0,0.0014583333333333332
373,1,0.003333333333333334
373,2,0.0
373,3,0.0
373,4,0.00125
374,0,0.004375
374,1,0.000625
374,2,0.0
374,3,0.0
374,4,0.0
375,0,0.0016666666666666668
375,1,0.0016666666666666668
375,2,0.0
375,3,0.0
375,4,0.001875
376,0,0.0008333333333333334
376,1,0.0027083333333333334
376,2,0.0
376,3,0.0
376,4,0.002291666666666667
377,0,0.0008333333333333334
377,1,0.001875
377,2,0.0
377,3,0.0
377,4,0.0016666666666666668
378,0,0.0016666666666666663
378,1,0.0016666666666666668
378,2,0.0
378,3,0.0
378,4,0.0010416666666666667
379,0,0.000625
379,1,0.0008333333333333334
379,2,0.0
379,3,0.0
379,4,0.0033333333333333335
380,0,0.0004166666666666667
380,1,0.0010416666666666667
380,2,0.0
380,3,0.0
380,4,0.0004166666666666667
381,0,0.0025
381,1,0.0010416666666666667
381,2,0.0
381,3,0.0
381,4,0.0014583333333333332
382,0,0.0027083333333333334
382,1,0.005833333333333334
382,2,0.0
382,3,0.0
382,4,0.0
383,0,0.0
383,1,0.000625
383,2,0.0
383,3,0.0
383,4,0.00125
384,0,0.0031250000000000006
384,1,0.00020833333333333335
384,2,0.0
384,3,0.0
384,4,0.0
385,0,0.0
385,1,0.000625
385,2,0.0
385,3,0.0
385,4,0.000625
386,0,0.0031250000000000006
386,1,0.0010416666666666667
386,2,0.0
386,3,0.0
386,4,0.00020833333333333335
387,0,0.0004166666666666667
387,1,0.0010416666666666667
387,2,0.0
387,3,0.0
387,4,0.0
388,0,0.0031249999999999997
388,1,0.0033333333333333335
388,2,0.0
388,3,0.0
388,4,0.002916666666666667
389,0,0.007916666666666667
389,1,0.0010416666666666667
389,2,0.0
389,3,0.0
389,4,0.00125
390,0,0.00020833333333333335
390,1,0.000625
390,2,0.0
390,3,0.0
390,4,0.0022916666666666667
391,0,0.000625
391,1,0.0010416666666666667
391,2,0.0
391,3,0.0
391,4,0.0008333333333333334
392,0,0.0004166666666666667
392,1,0.0020833333333333333
392,2,0.0
392,3,0.0
392,4,0.0
393,0,0.0004166666666666667
393,1,0.0014583333333333332
393,2,0.0
393,3,0.0
393,4,0.0022916666666666667
394,0,0.0027083333333333334
394,1,0.0020833333333333333
394,2,0.0
394,3,0.0
394,4,0.002916666666666667
395,0,0.000625
395,1,0.0025
395,2,0.0
395,3,0.0
395,4,0.000625
396,0,0.0
396,1,0.0010416666666666667
396,2,0.0
396,3,0.0
396,4,0.005
397,0,0.0014583333333333334
397,1,0.002916666666666667
397,2,0.0
397,3,0.0
397,4,0.004166666666666667
398,0,0.000625
398,1,0.0008333333333333334
398,2,0.0
398,3,0.0
398,4,0.0004166666666666667
399,0,0.00125
399,1,0.0014583333333333332
399,2,0.0
399,3,0.0
399,4,0.0
400,0,0.005416666666666667
400,1,0.001875
400,2,0.0
400,3,0.0
400,4,0.0025
401,0,0.0031250000000000006
401,1,0.0020833333333333333
401,2,0.0
401,3,0.0
401,4,0.004583333333333333
402,0,0.0004166666666666667
402,1,0.0016666666666666668
402,2,0.0
402,3,0.0
402,4,0.00020833333333333335
403,0,0.00020833333333333335
403,1,0.0031250000000000006
403,2,0.0
403,3,0.0
403,4,0.0022916666666666667
404,0,0.00020833333333333335
404,1,0.00020833333333333335
404,2,0.0
404,3,0.0
404,4,0.0016666666666666668
405,0,0.0
405,1,0.0027083333333333334
405,2,0.0
405,3,0.0
405,4,0.0
406,0,0.0008333333333333334
406,1,0.0008333333333333334
406,2,0.0
406,3,0.0
406,4,0.0020833333333333333
407,0,0.00125
407,1,0.0
407,2,0.0
407,3,0.0
407,4,0.000625
408,0,0.0014583333333333334
408,1,0.00125
408,2,0.0
408,3,0.0
408,4,0.00125
409,0,0.000625
409,1,0.005208333333333333
409,2,0.0
409,3,0.0
409,4,0.0
410,0,0.0025
410,1,0.0020833333333333333
410,2,0.0
410,3,0.0
410,4,0.0008333333333333334
411,0,0.0008333333333333334
411,1,0.0016666666666666668
411,2,0.0
411,3,0.0
411,4,0.00125
412,0,0.0010416666666666667
412,1,0.0018750000000000001
412,2,0.0
412,3,0.0
412,4,0.00125
413,0,0.003958333333333334
413,1,0.001875
413,2,0.0
413,3,0.0
413,4,0.00125
414,0,0.0
414,1,0.00125
414,2,0.0
414,3,0.0
414,4,0.00020833333333333335
415,0,0.0020833333333333333
415,1,0.0022916666666666667
415,2,0.0
415,3,0.0
415,4,0.0025
416,0,0.0004166666666666667
416,1,0.0010416666666666667
416,2,0.0
416,3,0.0
416,4,0.00125
417,0,0.0
417,1,0.00020833333333333335
417,2,0.0
417,3,0.0
417,4,0.0020833333333333333
418,0,0.0014583333333333332
418,1,0.0022916666666666667
418,2,0.0
418,3,0.0
418,4,0.0
419,0,0.00375
419,1,0.0031249999999999997
419,2,0.0
419,3,0.0
419,4,0.0016666666666666668
420,0,0.0010416666666666667
420,1,0.003541666666666667
420,2,0.0
420,3,0.0
420,4,0.000625
421,0,0.00125
421,1,0.0
421,2,0.0
421,3,0.0
421,4,0.000625
422,0,0.0016666666666666668
422,1,0.0
422,2,0.0
422,3,0.0
422,4,0.0016666666666666668
423,0,0.00020833333333333335
423,1,0.0025
423,2,0.0
423,3,0.0
423,4,0.0004166666666666667
424,0,0.0014583333333333332
424,1,0.0004166666666666667
424,2,0.0
424,3,0.0
424,4,0.002916666666666667
425,0,0.00125
425,1,0.00125
425,2,0.0
425,3,0.0
425,4,0.0022916666666666667
426,0,0.00125
426,1,0.0022916666666666667
426,2,0.0
426,3,0.0
426,4,0.0014583333333333334
427,0,0.00125
427,1,0.0031250000000000006
427,2,0.0
427,3,0.0
427,4,0.00125
428,0,0.0010416666666666667
428,1,0.0014583333333333332
428,2,0.0
428,3,0.0
428,4,0.0010416666666666667
429,0,0.0014583333333333332
429,1,0.00375
429,2,0.0
429,3,0.0
429,4,0.004583333333333334
430,0,0.0018750000000000001
430,1,0.0016666666666666668
430,2,0.0
430,3,0.0
430,4,0.0004166666666666667
431,0,0.0027083333333333334
431,1,0.0016666666666666668
431,2,0.0
431,3,0.0
431,4,0.0022916666666666667
432,0,0.0027083333333333334
432,1,0.0016666666666666668
432,2,0.0
432,3,0.0
432,4,0.0014583333333333334
433,0,0.0027083333333333334
433,1,0.003958333333333334
433,2,0.0
433,3,0.0
433,4,0.001875
434,0,0.0020833333333333333
434,1,0.00020833333333333335
434,2,0.0
434,3,0.0
434,4,0.0008333333333333334
435,0,0.0
435,1,0.0033333333333333335
435,2,0.0
435,3,0.0
435,4,0.001875
436,0,0.0016666666666666668
436,1,0.001875
436,2,0.0
436,3,0.0
436,4,0.001875
437,0,0.000625
437,1,0.0014583333333333334
437,2,0.0
437,3,0.0
437,4,0.0031250000000000006
438,0,0.0004166666666666667
438,1,0.0016666666666666668
438,2,0.0
438,3,0.0
438,4,0.00125
439,0,0.0022916666666666667
439,1,0.0004166666666666667
439,2,0.0
439,3,0.0
439,4,0.000625
440,0,0.0008333333333333334
440,1,0.001875
440,2,0.0
440,3,0.0
440,4,0.0004166666666666667
441,0,0.0020833333333333333
441,1,0.0004166666666666667
441,2,0.0
441,3,0.0
441,4,0.00125
442,0,0.0
442,1,0.0027083333333333334
442,2,0.0
442,3,0.0
442,4,0.002916666666666667
443,0,0.0004166666666666667
443,1,0.0004166666666666667
443,2,0.0
443,3,0.0
443,4,0.00020833333333333335
444,0,0.0
444,1,0.004375
444,2,0.0
444,3,0.0
444,4,0.00020833333333333335
445,0,0.0014583333333333332
445,1,0.00125
445,2,0.0
445,3,0.0
445,4,0.0004166666666666667
446,0,0.00125
446,1,0.0027083333333333334
446,2,0.0
446,3,0.0
446,4,0.0027083333333333334
447,0,0.00020833333333333335
447,1,0.00020833333333333335
447,2,0.0
447,3,0.0
447,4,0.0014583333333333334
448,0,0.0014583333333333334
448,1,0.0
448,2,0.0
448,3,0.0
448,4,0.0004166666666666667
449,0,0.0004166666666666667
449,1,0.0014583333333333334
449,2,0.0
449,3,0.0
449,4,0.001875
450,0,0.0
450,1,0.00020833333333333335
450,2,0.0
450,3,0.0
450,4,0.004583333333333334
451,0,0.0027083333333333334
451,1,0.0020833333333333333
451,2,0.0
451,3,0.0
451,4,0.00125
452,0,0.0004166666666666667
452,1,0.0027083333333333334
452,2,0.0
452,3,0.0
452,4,0.0014583333333333332
453,0,0.0020833333333333333
453,1,0.001875
453,2,0.0
453,3,0.0
453,4,0.004791666666666667
454,0,0.0025
454,1,0.000625
454,2,0.0
454,3,0.0
454,4,0.0010416666666666667
455,0,0.0033333333333333335
455,1,0.0027083333333333334
455,2,0.0
455,3,0.0
455,4,0.0025
456,0,0.0
456,1,0.0014583333333333332
456,2,0.0
456,3,0.0
456,4,0.0031249999999999997
457,0,0.0031250000000000006
457,1,0.004166666666666667
457,2,0.0
457,3,0.0
457,4,0.0016666666666666668
458,0,0.00020833333333333335
458,1,0.0
458,2,0.0
458,3,0.0
458,4,0.00020833333333333335
459,0,0.0
459,1,0.0010416666666666667
459,2,0.0
459,3,0.0
459,4,0.005208333333333333
460,0,0.0025
460,1,0.0004166666666666667
460,2,0.0
460,3,0.0
460,4,0.00375
461,0,0.00020833333333333335
461,1,0.00125
461,2,0.0
461,3,0.0
461,4,0.0025
462,0,0.0010416666666666667
462,1,0.0
462,2,0.0
462,3,0.0
462,4,0.0016666666666666668
463,0,0.0016666666666666668
463,1,0.0
463,2,0.0
463,3,0.0
463,4,0.0008333333333333334
464,0,0.0027083333333333334
464,1,0.00125
464,2,0.0
464,3,0.0
464,4,0.0020833333333333333
465,0,0.000625
465,1,0.00020833333333333335
465,2,0.0
465,3,0.0
465,4,0.00020833333333333335
466,0,0.000625
466,1,0.0025
466,2,0.0
466,3,0.0
466,4,0.0031250000000000006
467,0,0.00020833333333333335
467,1,0.0014583333333333332
467,2,0.0
467,3,0.0
467,4,0.0008333333333333334
468,0,0.0010416666666666667
468,1,0.00125
468,2,0.0
468,3,0.0
468,4,0.00020833333333333335
469,0,0.0027083333333333334
469,1,0.00020833333333333335
469,2,0.0
469,3,0.0
469,4,0.000625
470,0,0.0031249999999999997
470,1,0.0004166666666666667
470,2,0.0
470,3,0.0
470,4,0.003958333333333334
471,0,0.002916666666666667
471,1,0.000625
471,2,0.0
471,3,0.0
471,4,0.00375
472,0,0.0
472,1,0.004583333333333333
472,2,0.0
472,3,0.0
472,4,0.0016666666666666668
473,0,0.003958333333333334
473,1,0.0008333333333333334
473,2,0.0
473,3,0.0
473,4,0.0
474,0,0.00125
474,1,0.00020833333333333335
474,2,0.0
474,3,0.0
474,4,0.004166666666666667
475,0,0.0014583333333333334
475,1,0.001875
475,2,0.0
475,3,0.0
475,4,0.0010416666666666667
476,0,0.0010416666666666667
476,1,0.0
476,2,0.0
476,3,0.0
476,4,0.0014583333333333334
477,0,0.0
477,1,0.004166666666666667
477,2,0.0
477,3,0.0
477,4,0.0008333333333333334
478,0,0.00020833333333333335
478,1,0.0022916666666666667
478,2,0.0
478,3,0.0
478,4,0.0008333333333333334
479,0,0.004166666666666667
479,1,0.00125
479,2,0.0
479,3,0.0
479,4,0.0008333333333333334
480,0,0.0016666666666666668
480,1,0.00020833333333333335
480,2,0.0
480,3,0.0
480,4,0.00020833333333333335
481,0,0.00125
481,1,0.00020833333333333335
481,2,0.0
481,3,0.0
481,4,0.000625
482,0,0.0031250000000000006
482,1,0.000625
482,2,0.0
482,3,0.0
482,4,0.0022916666666666667
483,0,0.002916666666666667
483,1,0.0016666666666666668
483,2,0.0
483,3,0.0
483,4,0.0022916666666666667
484,0,0.0010416666666666667
484,1,0.004166666666666667
484,2,0.0
484,3,0.0
484,4,0.0014583333333333334
485,0,0.0008333333333333334
485,1,0.0014583333333333332
485,2,0.0
485,3,0.0
485,4,0.0008333333333333334
486,0,0.0016666666666666668
486,1,0.0004166666666666667
486,2,0.0
486,3,0.0
486,4,0.002916666666666667
487,0,0.0010416666666666667
487,1,0.000625
487,2,0.0
487,3,0.0
487,4,0.00125
488,0,0.0008333333333333334
488,1,0.0027083333333333334
488,2,0.0
488,3,0.0
488,4,0.0004166666666666667
489,0,0.001875
489,1,0.003541666666666667
489,2,0.0
489,3,0.0
489,4,0.000625
490,0,0.0033333333333333335
490,1,0.0004166666666666667
490,2,0.0
490,3,0.0
490,4,0.00125
491,0,0.0
491,1,0.0031250000000000006
491,2,0.0
491,3,0.0
491,4,0.001875
492,0,0.00020833333333333335
492,1,0.001875
492,2,0.0
492,3,0.0
492,4,0.0031250000000000006
493,0,0.00125
493,1,0.0004166666666666667
493,2,0.0
493,3,0.0
493,4,0.00125
494,0,0.0014583333333333334
494,1,0.0014583333333333334
494,2,0.0
494,3,0.0
494,4,0.004166666666666667
495,0,0.00020833333333333335
495,1,0.0016666666666666668
495,2,0.0
495,3,0.0
495,4,0.0016666666666666668
496,0,0.0025
496,1,0.0020833333333333333
496,2,0.0
496,3,0.0
496,4,0.0004166666666666667
497,0,0.0016666666666666668
497,1,0.0014583333333333332
497,2,0.0
497,3,0.0
497,4,0.0022916666666666667
498,0,0.0022916666666666667
498,1,0.00125
498,2,0.0
498,3,0.0
498,4,0.002916666666666667
499,0,0.00020833333333333335
499,1,0.0010416666666666667
499,2,0.0
499,3,0.0
499,4,0.004166666666666667
500,0,0.0014583333333333332
500,1,0.0
500,2,0.0
500,3,0.0
500,4,0.0014583333333333334
501,0,0.00125
501,1,0.0010416666666666667
501,2,0.0
501,3,0.0
501,4,0.00125
502,0,0.0022916666666666667
502,1,0.00020833333333333335
502,2,0.0
502,3,0.0
502,4,0.000625
503,0,0.0004166666666666667
503,1,0.0
503,2,0.0
503,3,0.0
503,4,0.000625
504,0,0.000625
504,1,0.0016666666666666668
504,2,0.0
504,3,0.0
504,4,0.00020833333333333335
505,0,0.0008333333333333334
505,1,0.0016666666666666668
505,2,0.0
505,3,0.0
505,4,0.0016666666666666668
506,0,0.0
506,1,0.0014583333333333334
506,2,0.0
506,3,0.0
506,4,0.0008333333333333334
507,0,0.002291666666666667
507,1,0.001875
507,2,0.0
507,3,0.0
507,4,0.0014583333333333332
508,0,0.0014583333333333332
508,1,0.0037500000000000003
508,2,0.0
508,3,0.0
508,4,0.0033333333333333335
509,0,0.0014583333333333334
509,1,0.0004166666666666667
509,2,0.0
509,3,0.0
509,4,0.004583333333333333
510,0,0.0
510,1,0.00020833333333333335
510,2,0.0
510,3,0.0
510,4,0.0004166666666666667
511,0,0.0
511,1,0.0014583333333333334
511,2,0.0
511,3,0.0
511,4,0.0016666666666666668
512,0,0.002916666666666667
512,1,0.002916666666666667
512,2,0.0
512,3,0.0
512,4,0.0014583333333333334
513,0,0.0008333333333333334
513,1,0.0027083333333333334
513,2,0.0
513,3,0.0
513,4,0.0004166666666666667
514,0,0.0004166666666666667
514,1,0.00020833333333333335
514,2,0.0
514,3,0.0
514,4,0.0025
515,0,0.0008333333333333334
515,1,0.00125
515,2,0.0
515,3,0.0
515,4,0.001875
516,0,0.0004166666666666667
516,1,0.0022916666666666667
516,2,0.0
516,3,0.0
516,4,0.00125
517,0,0.000625
517,1,0.0016666666666666668
517,2,0.0
517,3,0.0
517,4,0.0020833333333333333
518,0,0.002916666666666667
518,1,0.0016666666666666668
518,2,0.0
518,3,0.0
518,4,0.0
519,0,0.0031250000000000006
519,1,0.004166666666666667
519,2,0.0
519,3,0.0
519,4,0.002916666666666667
520,0,0.0014583333333333334
520,1,0.0037500000000000003
520,2,0.0
520,3,0.0
520,4,0.0016666666666666668
521,0,0.004791666666666666
521,1,0.0
521,2,0.0
521,3,0.0
521,4,0.0008333333333333334
522,0,0.0037500000000000003
522,1,0.00125
522,2,0.0
522,3,0.0
522,4,0.0010416666666666667
523,0,0.0008333333333333334
523,1,0.002916666666666667
523,2,0.0
523,3,0.0
523,4,0.0014583333333333332
524,0,0.0010416666666666667
524,1,0.000625
524,2,0.0
524,3,0.0
524,4,0.00020833333333333335
525,0,0.002916666666666667
525,1,0.003958333333333334
525,2,0.0
525,3,0.0
525,4,0.0020833333333333333
526,0,0.0025
526,1,0.00125
526,2,0.0
526,3,0.0
526,4,0.0027083333333333334
527,0,0.0027083333333333334
527,1,0.000625
527,2,0.0
527,3,0.0
527,4,0.0010416666666666667
528,0,0.00020833333333333335
528,1,0.002916666666666667
528,2,0.0
528,3,0.0
528,4,0.0027083333333333334
529,0,0.00020833333333333335
529,1,0.0020833333333333333
529,2,0.0
529,3,0.0
529,4,0.00020833333333333335
530,0,0.0
530,1,0.0014583333333333334
530,2,0.0
530,3,0.0
530,4,0.0004166666666666667
531,0,0.004375
531,1,0.004583333333333334
531,2,0.0
531,3,0.0
531,4,0.0008333333333333334
532,0,0.0
532,1,0.0
532,2,0.0
532,3,0.0
532,4,0.0008333333333333334
533,0,0.0008333333333333334
533,1,0.0004166666666666667
533,2,0.0
533,3,0.0
533,4,0.0016666666666666668
534,0,0.0
534,1,0.000625
534,2,0.0
534,3,0.0
534,4,0.0
535,0,0.0010416666666666667
535,1,0.00020833333333333335
535,2,0.0
535,3,0.0
535,4,0.0014583333333333334
536,0,0.0020833333333333333
536,1,0.00020833333333333335
536,2,0.0
536,3,0.0
536,4,0.0
537,0,0.0
537,1,0.004583333333333334
537,2,0.0
537,3,0.0
537,4,0.0022916666666666667
538,0,0.000625
538,1,0.0004166666666666667
538,2,0.0
538,3,0.0
538,4,0.00020833333333333335
539,0,0.0022916666666666667
539,1,0.0004166666666666667
539,2,0.0
539,3,0.0
539,4,0.0022916666666666667
540,0,0.0010416666666666667
540,1,0.000625
540,2,0.0
540,3,0.0
540,4,0.0
541,0,0.001875
541,1,0.0016666666666666668
541,2,0.0
541,3,0.0
541,4,0.0014583333333333332
542,0,0.00020833333333333335
542,1,0.0
542,2,0.0
542,3,0.0
542,4,0.0016666666666666668
543,0,0.0004166666666666667
543,1,0.0014583333333333334
543,2,0.0
543,3,0.0
543,4,0.00020833333333333335
544,0,0.001875
544,1,0.0
544,2,0.0
544,3,0.0
544,4,0.0016666666666666668
545,0,0.000625
545,1,0.0014583333333333334
545,2,0.0
545,3,0.0
545,4,0.001875
546,0,0.0027083333333333334
546,1,0.00125
546,2,0.0
546,3,0.0
546,4,0.0016666666666666668
547,0,0.0033333333333333335
547,1,0.0010416666666666667
547,2,0.0
547,3,0.0
547,4,0.0020833333333333333
548,0,0.00020833333333333335
548,1,0.0016666666666666668
548,2,0.0
548,3,0.0
548,4,0.0
549,0,0.0020833333333333333
549,1,0.003958333333333334
549,2,0.0
549,3,0.0
549,4,0.0010416666666666667
550,0,0.00020833333333333335
550,1,0.000625
550,2,0.0
550,3,0.0
550,4,0.0016666666666666668
551,0,0.001875
551,1,0.002291666666666667
551,2,0.0
551,3,0.0
551,4,0.0008333333333333334
552,0,0.0016666666666666663
552,1,0.0027083333333333334
552,2,0.0
552,3,0.0
552,4,0.0010416666666666667
553,0,0.0022916666666666667
553,1,0.00020833333333333335
553,2,0.0
553,3,0.0
553,4,0.0025
554,0,0.0031250000000000006
554,1,0.00125
554,2,0.0
554,3,0.0
554,4,0.0033333333333333335
555,0,0.0
555,1,0.000625
555,2,0.0
555,3,0.0
555,4,0.0025
556,0,0.001875
556,1,0.0010416666666666667
556,2,0.0
556,3,0.0
556,4,0.002916666666666667
557,0,0.00125
557,1,0.0
557,2,0.0
557,3,0.0
557,4,0.0
558,0,0.0014583333333333332
558,1,0.00020833333333333335
558,2,0.0
558,3,0.0
558,4,0.000625
559,0,0.00020833333333333335
559,1,0.00020833333333333335
559,2,0.0
559,3,0.0
559,4,0.0025
560,0,0.0022916666666666667
560,1,0.000625
560,2,0.0
560,3,0.0
560,4,0.002291666666666667
561,0,0.001875
561,1,0.0025
561,2,0.0
561,3,0.0
561,4,0.0014583333333333334
562,0,0.0018750000000000001
562,1,0.0020833333333333333
562,2,0.0
562,3,0.0
562,4,0.0016666666666666668
563,0,0.0031250000000000006
563,1,0.00020833333333333335
563,2,0.0
563,3,0.0
563,4,0.002291666666666667
564,0,0.0016666666666666663
564,1,0.004375
564,2,0.0
564,3,0.0
564,4,0.0020833333333333333
565,0,0.004166666666666667
565,1,0.00020833333333333335
565,2,0.0
565,3,0.0
565,4,0.00020833333333333335
566,0,0.001875
566,1,0.004583333333333334
566,2,0.0
566,3,0.0
566,4,0.00020833333333333335
567,0,0.0008333333333333334
567,1,0.00125
567,2,0.0
567,3,0.0
567,4,0.002916666666666667
568,0,0.002291666666666667
568,1,0.00375
568,2,0.0
568,3,0.0
568,4,0.001875
569,0,0.0014583333333333334
569,1,0.0010416666666666667
569,2,0.0
569,3,0.0
569,4,0.0033333333333333335
570,0,0.0014583333333333334
570,1,0.0004166666666666667
570,2,0.0
570,3,0.0
570,4,0.001875
571,0,0.0
571,1,0.00020833333333333335
571,2,0.0
571,3,0.0
571,4,0.0004166666666666667
572,0,0.0004166666666666667
572,1,0.00020833333333333335
572,2,0.0
572,3,0.0
572,4,0.0014583333333333334
573,0,0.0025
573,1,0.000625
573,2,0.0
573,3,0.0
573,4,0.0004166666666666667
574,0,0.0010416666666666667
574,1,0.0010416666666666667
574,2,0.0
574,3,0.0
574,4,0.001875
575,0,0.0027083333333333334
575,1,0.0
575,2,0.0
575,3,0.0
575,4,0.0014583333333333332
576,0,0.0010416666666666667
576,1,0.0008333333333333334
576,2,0.0
576,3,0.0
576,4,0.00020833333333333335
577,0,0.0
577,1,0.0010416666666666667
577,2,0.0
577,3,0.0
577,4,0.000625
578,0,0.00125
578,1,0.0022916666666666667
578,2,0.0
578,3,0.0
578,4,0.0020833333333333333
579,0,0.0018750000000000001
579,1,0.0020833333333333333
579,2,0.0
579,3,0.0
579,4,0.0031249999999999997
580,0,0.0008333333333333334
580,1,0.003333333333333334
580,2,0.0
580,3,0.0
580,4,0.0014583333333333332
581,0,0.0004166666666666667
581,1,0.0020833333333333333
581,2,0.0
581,3,0.0
581,4,0.001875
582,0,0.0
582,1,0.0014583333333333334
582,2,0.0
582,3,0.0
582,4,0.0014583333333333334
583,0,0.0008333333333333334
583,1,0.0016666666666666668
583,2,0.0
583,3,0.0
583,4,0.0027083333333333334
584,0,0.0016666666666666668
584,1,0.0
584,2,0.0
584,3,0.0
584,4,0.001875
585,0,0.00125
585,1,0.000625
585,2,0.0
585,3,0.0
585,4,0.0010416666666666667
586,0,0.0004166666666666667
586,1,0.0027083333333333334
586,2,0.0
586,3,0.0
586,4,0.0004166666666666667
587,0,0.000625
587,1,0.005208333333333333
587,2,0.0
587,3,0.0
587,4,0.003958333333333334
588,0,0.00125
588,1,0.004375
588,2,0.0
588,3,0.0
588,4,0.0022916666666666667
589,0,0.00020833333333333335
589,1,0.00020833333333333335
589,2,0.0
589,3,0.0
589,4,0.001875
590,0,0.00125
590,1,0.0014583333333333332
590,2,0.0
590,3,0.0
590,4,0.0016666666666666668
591,0,0.004166666666666667
591,1,0.00125
591,2,0.0
591,3,0.0
591,4,0.000625
592,0,0.001875
592,1,0.0004166666666666667
592,2,0.0
592,3,0.0
592,4,0.00020833333333333335
593,0,0.0031250000000000006
593,1,0.00020833333333333335
593,2,0.0
593,3,0.0
593,4,0.004791666666666667
594,0,0.004375
594,1,0.002916666666666667
594,2,0.0
594,3,0.0
594,4,0.0
595,0,0.0004166666666666667
595,1,0.0016666666666666668
595,2,0.0
595,3,0.0
595,4,0.002916666666666667
596,0,0.000625
596,1,0.0025
596,2,0.0
596,3,0.0
596,4,0.0
597,0,0.00020833333333333335
597,1,0.00125
597,2,0.0
597,3,0.0
597,4,0.004375
598,0,0.0
598,1,0.00125
598,2,0.0
598,3,0.0
598,4,0.003541666666666667
599,0,0.0
599,1,0.0033333333333333335
599,2,0.0
599,3,0.0
599,4,0.004166666666666667
600,0,0.0
600,1,0.00020833333333333335
600,2,0.0
600,3,0.0
600,4,0.0004166666666666667
601,0,0.0016666666666666668
601,1,0.0004166666666666667
601,2,0.0
601,3,0.0
601,4,0.007291666666666668
602,0,0.0
602,1,0.00125
602,2,0.0
602,3,0.0
602,4,0.00020833333333333335
603,0,0.0
603,1,0.0
603,2,0.0
603,3,0.0
603,4,0.0016666666666666668
604,0,0.00020833333333333335
604,1,0.0
604,2,0.0
604,3,0.0
604,4,0.0008333333333333334
605,0,0.0022916666666666667
605,1,0.0
605,2,0.0
605,3,0.0
605,4,0.003958333333333334
606,0,0.001875
606,1,0.00375
606,2,0.0
606,3,0.0
606,4,0.00020833333333333335
607,0,0.00020833333333333335
607,1,0.00020833333333333335
607,2,0.0
607,3,0.0
607,4,0.0014583333333333334
608,0,0.004583333333333334
608,1,0.0004166666666666667
608,2,0.0
608,3,0.0
608,4,0.0004166666666666667
609,0,0.0014583333333333332
609,1,0.0008333333333333334
609,2,0.0
609,3,0.0
609,4,0.0025
610,0,0.0008333333333333334
610,1,0.0022916666666666667
610,2,0.0
610,3,0.0
610,4,0.002916666666666667
611,0,0.0008333333333333334
611,1,0.0004166666666666667
611,2,0.0
611,3,0.0
611,4,0.00125
612,0,0.001875
612,1,0.0
612,2,0.0
612,3,0.0
612,4,0.0014583333333333334
613,0,0.001875
613,1,0.002916666666666667
613,2,0.0
613,3,0.0
613,4,0.004166666666666667
614,0,0.0004166666666666667
614,1,0.000625
614,2,0.0
614,3,0.0
614,4,0.00020833333333333335
615,0,0.0035416666666666665
615,1,0.001875
615,2,0.0
615,3,0.0
615,4,0.00020833333333333335
616,0,0.00020833333333333335
616,1,0.0014583333333333334
616,2,0.0
616,3,0.0
616,4,0.000625
617,0,0.00020833333333333335
617,1,0.0004166666666666667
617,2,0.0
617,3,0.0
617,4,0.001875
618,0,0.0014583333333333334
618,1,0.00020833333333333335
618,2,0.0
618,3,0.0
618,4,0.0027083333333333334
619,0,0.0031249999999999997
619,1,0.0025
619,2,0.0
619,3,0.0
619,4,0.0014583333333333332
620,0,0.001875
620,1,0.000625
620,2,0.0
620,3,0.0
620,4,0.0014583333333333332
621,0,0.0004166666666666667
621,1,0.0010416666666666667
621,2,0.0
621,3,0.0
621,4,0.0027083333333333334
622,0,0.0016666666666666668
622,1,0.0016666666666666668
622,2,0.0
622,3,0.0
622,4,0.000625
623,0,0.000625
623,1,0.004583333333333333
623,2,0.0
623,3,0.0
623,4,0.00020833333333333335
624,0,0.0010416666666666667
624,1,0.0022916666666666667
624,2,0.0
624,3,0.0
624,4,0.00020833333333333335
625,0,0.0022916666666666667
625,1,0.00020833333333333335
625,2,0.0
625,3,0.0
625,4,0.0004166666666666667
626,0,0.002916666666666667
626,1,0.00125
626,2,0.0
626,3,0.0
626,4,0.0020833333333333333
627,0,0.0
627,1,0.0008333333333333334
627,2,0.0
627,3,0.0
627,4,0.0031250000000000006
628,0,0.00020833333333333335
628,1,0.0022916666666666667
628,2,0.0
628,3,0.0
628,4,0.00020833333333333335
629,0,0.007083333333333334
629,1,0.00020833333333333335
629,2,0.0
629,3,0.0
629,4,0.0
630,0,0.003541666666666667
630,1,0.0027083333333333334
630,2,0.0
630,3,0.0
630,4,0.00125
631,0,0.0004166666666666667
631,1,0.0031250000000000006
631,2,0.0
631,3,0.0
631,4,0.001875
632,0,0.0027083333333333334
632,1,0.0004166666666666667
632,2,0.0
632,3,0.0
632,4,0.0
633,0,0.0004166666666666667
633,1,0.0020833333333333333
633,2,0.0
633,3,0.0
633,4,0.0014583333333333332
634,0,0.001875
634,1,0.0004166666666666667
634,2,0.0
634,3,0.0
634,4,0.0014583333333333332
635,0,0.0027083333333333334
635,1,0.0014583333333333334
635,2,0.0
635,3,0.0
635,4,0.002916666666666667
636,0,0.0022916666666666667
636,1,0.0033333333333333335
636,2,0.0
636,3,0.0
636,4,0.0014583333333333332
637,0,0.0
637,1,0.0014583333333333334
637,2,0.0
637,3,0.0
637,4,0.0014583333333333332
638,0,0.00125
638,1,0.0025
638,2,0.0
638,3,0.0
638,4,0.002916666666666667
639,0,0.002916666666666667
639,1,0.00125
639,2,0.0
639,3,0.0
639,4,0.0004166666666666667
640,0,0.00020833333333333335
640,1,0.0014583333333333332
640,2,0.0
640,3,0.0
640,4,0.0031250000000000006
641,0,0.003958333333333334
641,1,0.002916666666666667
641,2,0.0
641,3,0.0
641,4,0.00125
642,0,0.0008333333333333334
642,1,0.0022916666666666667
642,2,0.0
642,3,0.0
642,4,0.000625
643,0,0.0004166666666666667
643,1,0.006458333333333334
643,2,0.0
643,3,0.0
643,4,0.0027083333333333334
644,0,0.003958333333333334
644,1,0.00125
644,2,0.0
644,3,0.0
644,4,0.0016666666666666668
645,0,0.001875
645,1,0.00125
645,2,0.0
645,3,0.0
645,4,0.0014583333333333332
646,0,0.0010416666666666667
646,1,0.001875
646,2,0.0
646,3,0.0
646,4,0.0
647,0,0.0025
647,1,0.004583333333333334
647,2,0.0
647,3,0.0
647,4,0.00125
648,0,0.0004166666666666667
648,1,0.0016666666666666668
648,2,0.0
648,3,0.0
648,4,0.00020833333333333335
649,0,0.0008333333333333334
649,1,0.00020833333333333335
649,2,0.0
649,3,0.0
649,4,0.00125
650,0,0.0
650,1,0.0020833333333333333
650,2,0.0
650,3,0.0
650,4,0.0010416666666666667
651,0,0.00020833333333333335
651,1,0.0033333333333333335
651,2,0.0
651,3,0.0
651,4,0.0016666666666666668
652,0,0.00020833333333333335
652,1,0.0033333333333333335
652,2,0.0
652,3,0.0
652,4,0.00020833333333333335
653,0,0.0016666666666666668
653,1,0.00020833333333333335
653,2,0.0
653,3,0.0
653,4,0.0010416666666666667
654,0,0.0020833333333333333
654,1,0.0016666666666666668
654,2,0.0
654,3,0.0
654,4,0.0022916666666666667
655,0,0.00020833333333333335
655,1,0.0027083333333333334
655,2,0.0
655,3,0.0
655,4,0.002916666666666667
656,0,0.0016666666666666668
656,1,0.00020833333333333335
656,2,0.0
656,3,0.0
656,4,0.0008333333333333334
657,0,0.0014583333333333332
657,1,0.00020833333333333335
657,2,0.0
657,3,0.0
657,4,0.0020833333333333333
658,0,0.00020833333333333335
658,1,0.0014583333333333334
658,2,0.0
658,3,0.0
658,4,0.0016666666666666663
659,0,0.000625
659,1,0.0031250000000000006
659,2,0.0
659,3,0.0
659,4,0.0016666666666666663
660,0,0.001875
660,1,0.001875
660,2,0.0
660,3,0.0
660,4,0.0
661,0,0.0033333333333333335
661,1,0.0010416666666666667
661,2,0.0
661,3,0.0
661,4,0.000625
662,0,0.0025
662,1,0.00020833333333333335
662,2,0.0
662,3,0.0
662,4,0.0016666666666666668
663,0,0.0004166666666666667
663,1,0.000625
663,2,0.0
663,3,0.0
663,4,0.0004166666666666667
664,0,0.00020833333333333335
664,1,0.0010416666666666667
664,2,0.0
664,3,0.0
664,4,0.004583333333333334
665,0,0.00020833333333333335
665,1,0.0022916666666666667
665,2,0.0
665,3,0.0
665,4,0.0010416666666666667
666,0,0.0025
666,1,0.002916666666666667
666,2,0.0
666,3,0.0
666,4,0.0010416666666666667
